{"cameraMode":{"drawMode":0,"name":"Shaded","section":"Shading Mode"},"sceneLighting":false,"audioPlay":false,"sceneViewState":{"m_AlwaysRefresh":false,"showFog":true,"showSkybox":false,"showFlares":true,"showImageEffects":true,"showParticleSystems":true,"showVisualEffectGraphs":true,"m_FxEnabled":true},"in2DMode":false,"pivot":{"x":0.5214572548866272,"y":0.01790032908320427,"z":0.20198871195316316},"rotation":{"x":-0.08077321201562882,"y":0.884358286857605,"z":-0.16669699549674989,"w":-0.42850229144096377},"size":0.38886192440986636,"orthographic":false}