{"cameraMode":{"drawMode":0,"name":"Shaded","section":"Shading Mode"},"sceneLighting":false,"audioPlay":false,"sceneViewState":{"m_AlwaysRefresh":false,"showFog":true,"showSkybox":true,"showFlares":true,"showImageEffects":true,"showParticleSystems":true,"showVisualEffectGraphs":true,"m_FxEnabled":true},"in2DMode":false,"pivot":{"x":12.881052017211914,"y":1.0812791585922242,"z":7.095240592956543},"rotation":{"x":0.12781409919261933,"y":-0.3168669044971466,"z":0.04314100369811058,"w":0.9388397336006165},"size":1.1853269338607789,"orthographic":false}